year,mark_bucket,total_students,bucket_size,rank_min,rank_max,aggregate_mark_min,aggregate_mark_max,community_modes
2020,77,110873,7,110867,110873,77.5,77.75,MBC:3;SC:2;BC:1;BCM:1
2020,78,110873,66,110801,110866,78,78.75,SC:26;BC:18;MBC:15;SCA:4;BCM:3
2020,79,110873,217,110584,110800,79,79.75,SC:81;BC:57;MBC:53;BCM:13;SCA:12
2020,80,110873,2476,108108,110583,80,80.75,SC:793;BC:790;MBC:596;SCA:153;BCM:115
2020,81,110873,1390,106718,108107,81,81.75,BC:473;SC:412;MBC:332;SCA:87;BCM:73
2020,82,110873,1332,105386,106717,82,82.75,BC:444;SC:390;MBC:353;SCA:80;BCM:54
2020,83,110873,1366,104020,105385,83,83.75,BC:444;SC:409;MBC:346;BCM:75;SCA:73
2020,84,110873,1282,102738,104019,84,84.75,BC:456;SC:360;MBC:321;SCA:71;BCM:62
2020,85,110873,1249,101489,102737,85,85.75,BC:459;SC:338;MBC:322;SCA:59;BCM:49
2020,86,110873,1274,100215,101488,86,86.75,BC:440;MBC:351;SC:350;BCM:60;SCA:55
2020,87,110873,1239,98976,100214,87,87.75,BC:441;MBC:333;SC:314;SCA:68;BCM:67
2020,88,110873,1251,97725,98975,88,88.5,BC:462;SC:320;MBC:302;BCM:67;SCA:54
2020,89,110873,1261,96464,97724,89,89.75,BC:466;MBC:324;SC:309;SCA:65;BCM:55
2020,90,110873,1216,95248,96463,90,90.75,BC:458;MBC:323;SC:279;BCM:65;SCA:58
2020,91,110873,1228,94020,95247,91,91.75,BC:451;MBC:338;SC:291;SCA:55;BCM:54
2020,92,110873,1248,92772,94019,92,92.75,BC:474;MBC:333;SC:280;BCM:62;SCA:57
2020,93,110873,1239,91533,92771,93,93.75,BC:490;MBC:353;SC:248;SCA:57;BCM:56
2020,94,110873,1181,90352,91532,94,94.5,BC:463;MBC:322;SC:243;BCM:70;SCA:52
2020,95,110873,1199,89153,90351,95,95.75,BC:472;MBC:332;SC:247;BCM:64;SCA:43
2020,96,110873,1157,87996,89152,96,96.5,BC:464;MBC:306;SC:234;BCM:60;SCA:54
2020,97,110873,1213,86783,87995,97,97.5,BC:509;MBC:340;SC:229;BCM:55;SCA:51
2020,98,110873,1236,85547,86782,98,98.5,BC:502;MBC:345;SC:253;BCM:54;SCA:50
2020,99,110873,1207,84340,85546,99,99.5,BC:534;MBC:313;SC:216;BCM:59;OC:37
2020,100,110873,1214,83126,84339,100,100.75,BC:537;MBC:310;SC:232;BCM:62;OC:34
2020,101,110873,1122,82004,83125,101,101.75,BC:510;MBC:305;SC:194;BCM:50;SCA:33
2020,102,110873,1201,80803,82003,102,102.5,BC:495;MBC:321;SC:226;BCM:61;OC:46
2020,103,110873,1159,79644,80802,103,103.5,BC:508;MBC:341;SC:193;BCM:51;OC:31
2020,104,110873,1158,78486,79643,104,104.75,BC:531;MBC:291;SC:196;BCM:66;OC:37
2020,105,110873,1164,77322,78485,105,105.5,BC:522;MBC:320;SC:189;BCM:47;OC:39
2020,106,110873,1172,76150,77321,106,106.5,BC:542;MBC:298;SC:192;BCM:58;OC:42
2020,107,110873,1201,74949,76149,107,107.75,BC:550;MBC:317;SC:199;BCM:58;SCA:33
2020,108,110873,1199,73750,74948,108,108.75,BC:546;MBC:325;SC:194;BCM:53;OC:36
2020,109,110873,1160,72590,73749,109,109.5,BC:546;MBC:317;SC:177;BCM:55;OC:29
2020,110,110873,1124,71466,72589,110,110.75,BC:538;MBC:294;SC:172;BCM:52;OC:36
2020,111,110873,1166,70300,71465,111,111.75,BC:550;MBC:309;SC:182;BCM:49;OC:43
2020,112,110873,1120,69180,70299,112,112.75,BC:543;MBC:297;SC:142;BCM:64;SCA:35
2020,113,110873,1152,68028,69179,113,113.5,BC:549;MBC:296;SC:186;BCM:54;OC:39
2020,114,110873,1163,66865,68027,114,114.5,BC:556;MBC:308;SC:165;BCM:65;OC:42
2020,115,110873,1179,65686,66864,115,115.5,BC:544;MBC:309;SC:176;BCM:61;OC:51
2020,116,110873,1073,64613,65685,116,116.75,BC:536;MBC:260;SC:159;BCM:51;OC:44
2020,117,110873,1127,63486,64612,117,117.75,BC:565;MBC:304;SC:157;BCM:47;OC:30
2020,118,110873,1083,62403,63485,118,118.75,BC:518;MBC:306;SC:153;BCM:42;OC:37
2020,119,110873,1077,61326,62402,119,119.75,BC:518;MBC:283;SC:167;BCM:45;OC:38
2020,120,110873,1096,60230,61325,120,120.75,BC:528;MBC:293;SC:146;BCM:58;OC:46
2020,121,110873,1090,59140,60229,121,121.75,BC:574;MBC:282;SC:138;OC:47;BCM:33
2020,122,110873,1126,58014,59139,122,122.75,BC:575;MBC:277;SC:144;BCM:52;OC:43
2020,123,110873,1145,56869,58013,123,123.75,BC:552;MBC:334;SC:118;BCM:65;OC:48
2020,124,110873,1049,55820,56868,124,124.75,BC:528;MBC:274;SC:137;OC:48;BCM:46
2020,125,110873,1036,54784,55819,125,125.75,BC:541;MBC:271;SC:121;BCM:42;OC:37
2020,126,110873,1111,53673,54783,126,126.75,BC:596;MBC:262;SC:141;OC:50;BCM:45
2020,127,110873,1030,52643,53672,127,127.5,BC:513;MBC:285;SC:133;BCM:41;OC:41
2020,128,110873,1160,51483,52642,128,128.75,BC:598;MBC:294;SC:146;BCM:59;OC:44
2020,129,110873,1056,50427,51482,129,129.75,BC:571;MBC:253;SC:111;OC:50;BCM:48
2020,130,110873,1027,49400,50426,130,130.75,BC:539;MBC:260;SC:118;OC:44;BCM:42
2020,131,110873,1005,48395,49399,131,131.75,BC:506;MBC:280;SC:111;OC:50;BCM:40
2020,132,110873,1054,47341,48394,132,132.75,BC:574;MBC:277;SC:107;BCM:49;OC:35
2020,133,110873,1029,46312,47340,133,133.75,BC:551;MBC:241;SC:114;OC:56;BCM:52
2020,134,110873,1009,45303,46311,134,134.75,BC:526;MBC:248;SC:112;OC:54;BCM:47
2020,135,110873,1057,44246,45302,135,135.75,BC:555;MBC:260;SC:120;OC:56;BCM:48
2020,136,110873,1040,43206,44245,136,136.75,BC:551;MBC:257;SC:118;OC:59;BCM:45
2020,137,110873,1013,42193,43205,137,137.75,BC:555;MBC:268;SC:102;OC:42;BCM:36
2020,138,110873,1003,41190,42192,138,138.75,BC:551;MBC:233;SC:93;OC:64;BCM:40
2020,139,110873,886,40304,41189,139,139.75,BC:440;MBC:234;SC:92;OC:58;BCM:47
2020,140,110873,943,39361,40303,140,140.75,BC:522;MBC:236;SC:86;OC:48;BCM:39
2020,141,110873,965,38396,39360,141,141.75,BC:529;MBC:233;SC:90;OC:53;BCM:45
2020,142,110873,941,37455,38395,142,142.75,BC:489;MBC:237;SC:110;OC:59;BCM:33
2020,143,110873,928,36527,37454,143,143.75,BC:497;MBC:228;SC:88;OC:52;BCM:48
2020,144,110873,912,35615,36526,144,144.75,BC:512;MBC:212;SC:79;OC:61;BCM:34
2020,145,110873,881,34734,35614,145,145.75,BC:485;MBC:224;SC:65;OC:60;BCM:38
2020,146,110873,872,33862,34733,146,146.75,BC:478;MBC:214;SC:79;OC:57;BCM:30
2020,147,110873,893,32969,33861,147,147.75,BC:509;MBC:199;SC:84;OC:48;BCM:45
2020,148,110873,863,32106,32968,148,148.75,BC:492;MBC:189;SC:68;OC:57;BCM:44
2020,149,110873,876,31230,32105,149,149.75,BC:500;MBC:202;SC:80;BCM:43;OC:41
2020,150,110873,842,30388,31229,150,150.5,BC:490;MBC:191;OC:60;SC:57;BCM:42
2020,151,110873,867,29521,30387,151,151.75,BC:509;MBC:191;SC:70;OC:66;BCM:27
2020,152,110873,839,28682,29520,152,152.75,BC:479;MBC:194;OC:70;SC:52;BCM:29
2020,153,110873,784,27898,28681,153,153.75,BC:462;MBC:179;OC:55;SC:53;BCM:28
2020,154,110873,845,27053,27897,154,154.75,BC:500;MBC:170;SC:69;OC:64;BCM:33
2020,155,110873,829,26224,27052,155,155.75,BC:479;MBC:186;SC:69;OC:52;BCM:35
2020,156,110873,822,25402,26223,156,156.75,BC:450;MBC:200;SC:73;OC:59;BCM:35
2020,157,110873,796,24606,25401,157,157.75,BC:443;MBC:177;OC:70;SC:68;BCM:27
2020,158,110873,834,23772,24605,158,158.75,BC:502;MBC:160;SC:68;OC:64;BCM:36
2020,159,110873,772,23000,23771,159,159.75,BC:437;MBC:171;OC:73;SC:53;BCM:32
2020,160,110873,795,22205,22999,160,160.75,BC:462;MBC:193;OC:56;SC:50;BCM:26
2020,161,110873,783,21422,22204,161,161.75,BC:464;MBC:183;SC:53;OC:48;BCM:32
2020,162,110873,763,20659,21421,162,162.6667,BC:433;MBC:173;OC:73;SC:51;BCM:25
2020,163,110873,743,19916,20658,163,163.75,BC:435;MBC:153;OC:73;SC:44;BCM:34
2020,164,110873,750,19166,19915,164,164.75,BC:432;MBC:173;OC:69;SC:49;BCM:22
2020,165,110873,725,18441,19165,165,165.75,BC:440;MBC:150;OC:58;SC:49;BCM:18
2020,166,110873,749,17692,18440,166,166.75,BC:450;MBC:147;OC:70;SC:50;BCM:28
2020,167,110873,711,16981,17691,167,167.75,BC:433;MBC:145;OC:58;SC:41;BCM:30
2020,168,110873,721,16260,16980,168,168.75,BC:403;MBC:162;OC:58;SC:53;BCM:44
2020,169,110873,708,15552,16259,169,169.75,BC:430;MBC:147;OC:55;SC:41;BCM:31
2020,170,110873,695,14857,15551,170,170.75,BC:406;MBC:156;OC:55;SC:50;BCM:24
2020,171,110873,629,14228,14856,171,171.75,BC:370;MBC:126;OC:78;SC:27;BCM:26
2020,172,110873,709,13519,14227,172,172.75,BC:433;MBC:128;OC:60;SC:55;BCM:25
2020,173,110873,641,12878,13518,173,173.75,BC:378;MBC:148;OC:55;SC:38;BCM:17
2020,174,110873,614,12264,12877,174,174.75,BC:355;MBC:122;OC:62;SC:47;BCM:23
2020,175,110873,662,11602,12263,175,175.75,BC:413;MBC:130;OC:63;SC:30;BCM:21
2020,176,110873,648,10954,11601,176,176.75,BC:395;MBC:124;OC:71;SC:39;BCM:16
2020,177,110873,634,10320,10953,177,177.75,BC:373;MBC:131;OC:70;SC:35;BCM:19
2020,178,110873,608,9712,10319,178,178.75,BC:360;MBC:117;OC:69;BCM:32;SC:29
2020,179,110873,592,9120,9711,179,179.75,BC:342;MBC:117;OC:91;SC:24;BCM:13
2020,180,110873,587,8533,9119,180,180.75,BC:379;MBC:84;OC:71;SC:29;BCM:21
2020,181,110873,589,7944,8532,181,181.75,BC:339;MBC:119;OC:86;BCM:21;SC:21
2020,182,110873,597,7347,7943,182,182.75,BC:357;MBC:106;OC:76;SC:29;BCM:27
2020,183,110873,556,6791,7346,183,183.75,BC:357;MBC:80;OC:72;SC:23;BCM:20
2020,184,110873,536,6255,6790,184,184.75,BC:323;OC:94;MBC:75;SC:23;BCM:18
2020,185,110873,516,5739,6254,185,185.75,BC:301;MBC:82;OC:81;SC:27;BCM:23
2020,186,110873,558,5181,5738,186,186.75,BC:308;OC:106;MBC:88;BCM:30;SC:24
2020,187,110873,492,4689,5180,187,187.75,BC:273;OC:104;MBC:84;SC:20;BCM:9
2020,188,110873,597,4092,4688,188,188.75,BC:339;OC:115;MBC:108;SC:21;BCM:13
2020,189,110873,646,3446,4091,189,189.75,BC:378;OC:123;MBC:95;SC:27;BCM:21
2020,190,110873,1805,1641,3445,190,190.75,BC:972;OC:510;MBC:214;SC:55;BCM:49
2020,191,110873,430,1211,1640,191,191.75,BC:246;OC:111;MBC:58;BCM:7;SC:7
2020,192,110873,345,866,1210,192,192.75,BC:195;OC:80;MBC:47;SC:13;BCM:9
2020,193,110873,245,621,865,193,193.75,BC:134;OC:68;MBC:29;SC:9;BCM:4
2020,194,110873,223,398,620,194,194.75,BC:132;OC:58;MBC:25;BCM:5;SC:3
2020,195,110873,154,244,397,195,195.75,BC:85;OC:39;MBC:19;BCM:7;SC:3
2020,196,110873,116,128,243,196,196.75,BC:58;OC:37;MBC:16;SC:3;BCM:2
2020,197,110873,70,58,127,197,197.75,BC:42;OC:22;MBC:4;BCM:1;SC:1
2020,198,110873,40,18,57,198,198.75,BC:21;OC:14;MBC:4;SC:1
2020,199,110873,17,1,17,199,199.6667,BC:11;OC:5;BCM:1
2021,77,136973,3,136971,136973,77.5,77.75,SC:2;MBCDNC:1
2021,78,136973,13,136958,136970,78,78.71,SC:9;MBCV:2;BC:1;BCM:1
2021,79,136973,15,136943,136957,79,79.5,SC:7;MBCV:4;MBC:2;BC:1;BCM:1
2021,80,136973,96,136847,136942,80,80.86,SC:38;BC:20;MBCDNC:12;SCA:11;MBCV:9
2021,81,136973,72,136775,136846,81,81.75,SC:28;MBCV:15;BC:12;BCM:7;SCA:6
2021,82,136973,71,136704,136774,82,82.75,SC:23;BC:19;MBCDNC:10;MBCV:9;BCM:5
2021,83,136973,76,136628,136703,83,83.88,SC:26;BC:20;MBCV:15;SCA:5;BCM:4
2021,84,136973,63,136565,136627,84,84.75,SC:26;MBCV:12;BC:8;MBC:4;MBCDNC:4
2021,85,136973,56,136509,136564,85,85.75,SC:21;MBCV:12;BC:10;MBCDNC:4;SCA:4
2021,86,136973,65,136444,136508,86,86.5,SC:37;MBCV:9;BC:8;SCA:5;MBCDNC:3
2021,87,136973,61,136383,136443,87,87.5,SC:22;BC:14;SCA:8;MBCV:6;MBCDNC:5
2021,88,136973,56,136327,136382,88,88.86,BC:24;SC:12;MBCV:6;MBC:3;MBCDNC:3
2021,89,136973,58,136269,136326,89,89.99,SC:19;BC:12;MBCDNC:10;MBCV:10;BCM:2
2021,90,136973,47,136222,136268,90,90.75,SC:15;BC:14;MBCV:8;OC:3;BCM:2
2021,91,136973,45,136177,136221,91,91.75,SC:17;BC:10;MBCV:6;MBCDNC:4;SCA:4
2021,92,136973,60,136117,136176,92,92.76,SC:24;BC:16;MBCV:7;MBCDNC:4;SCA:4
2021,93,136973,50,136067,136116,93,93.82,SC:18;BC:11;MBCV:7;SCA:7;ST:3
2021,94,136973,51,136016,136066,94,94.5,SC:22;BC:13;MBCDNC:6;MBCV:4;MBC:2
2021,95,136973,43,135973,136015,95,95.92,SC:20;BC:9;MBCV:5;SCA:3;MBCDNC:2
2021,96,136973,44,135929,135972,96,96.5,BC:13;SC:10;MBCV:9;MBC:5;MBCDNC:4
2021,97,136973,59,135870,135928,97,97.75,SC:15;BC:13;MBCV:13;SCA:8;OC:4
2021,98,136973,58,135812,135869,98,98.75,BC:18;SC:18;MBCV:8;MBCDNC:5;BCM:3
2021,99,136973,32,135780,135811,99,99.89,SC:14;BC:10;MBCDNC:2;MBCV:2;OC:2
2021,100,136973,39,135741,135779,100,100.815,BC:14;SC:8;MBCV:7;SCA:3;MBC:2
2021,101,136973,39,135702,135740,101,101.75,SC:11;BC:10;MBCV:7;MBCDNC:6;SCA:3
2021,102,136973,42,135660,135701,102,102.99,BC:14;SC:10;BCM:6;MBCV:5;MBCDNC:2
2021,103,136973,47,135613,135659,103,103.78,SC:17;BC:12;MBCV:7;MBCDNC:6;OC:3
2021,104,136973,46,135567,135612,104,104.75,SC:15;BC:8;MBCV:7;BCM:6;MBCDNC:6
2021,105,136973,54,135513,135566,105,105.75,SC:21;BC:18;MBCV:4;BCM:3;MBC:2
2021,106,136973,58,135455,135512,106,106.75,BC:23;SC:11;MBCV:9;BCM:5;MBCDNC:5
2021,107,136973,62,135393,135454,107,107.805,BC:25;SC:15;MBCV:8;MBC:3;MBCDNC:3
2021,108,136973,45,135348,135392,108,108.835,BC:15;SC:10;MBCV:9;SCA:4;MBCDNC:3
2021,109,136973,69,135279,135347,109,109.955,BC:24;SC:21;MBCV:13;BCM:4;MBCDNC:4
2021,110,136973,83,135196,135278,110,110.9,SC:23;BC:22;MBCV:12;MBCDNC:8;SCA:7
2021,111,136973,81,135115,135195,111,111.975,SC:25;BC:19;MBCV:15;MBCDNC:8;BCM:6
2021,112,136973,95,135020,135114,112,112.99,SC:31;BC:30;MBCV:13;MBCDNC:6;SCA:5
2021,113,136973,88,134932,135019,113,113.99,BC:27;SC:24;MBCV:18;BCM:7;OC:4
2021,114,136973,118,134814,134931,114,114.99,BC:36;SC:31;MBCV:26;BCM:7;MBCDNC:7
2021,115,136973,116,134698,134813,115,115.99,SC:39;BC:30;MBCV:15;MBCDNC:11;OC:8
2021,116,136973,134,134564,134697,116,116.99,SC:43;BC:40;MBCV:27;BCM:6;MBCDNC:6
2021,117,136973,159,134405,134563,117,117.99,SC:53;BC:43;MBCV:28;MBCDNC:12;BCM:9
2021,118,136973,176,134229,134404,118,118.99,SC:59;BC:45;MBCV:35;MBCDNC:9;SCA:9
2021,119,136973,175,134054,134228,119,119.99,BC:53;SC:51;MBCV:27;MBCDNC:14;BCM:10
2021,120,136973,221,133833,134053,120,120.99,BC:71;SC:57;MBCV:43;BCM:12;MBCDNC:12
2021,121,136973,226,133607,133832,121,121.99,BC:69;SC:55;MBCV:48;BCM:15;MBC:11
2021,122,136973,277,133330,133606,122,122.99,BC:93;SC:72;MBCV:46;BCM:18;MBCDNC:15
2021,123,136973,318,133012,133329,123,123.99,BC:105;SC:75;MBCV:61;MBCDNC:21;SCA:18
2021,124,136973,330,132682,133011,124,124.99,BC:108;SC:87;MBCV:52;BCM:27;MBCDNC:15
2021,125,136973,334,132348,132681,125,125.99,BC:111;SC:95;MBCV:57;MBCDNC:23;BCM:19
2021,126,136973,383,131965,132347,126,126.995,BC:120;SC:115;MBCV:72;MBCDNC:24;BCM:15
2021,127,136973,375,131590,131964,127,127.99,BC:122;SC:104;MBCV:57;MBCDNC:23;BCM:21
2021,128,136973,440,131150,131589,128,128.99,BC:134;SC:130;MBCV:74;MBCDNC:37;BCM:22
2021,129,136973,435,130715,131149,129,129.99,BC:123;SC:120;MBCV:85;MBCDNC:41;BCM:22
2021,130,136973,481,130234,130714,130,130.99,BC:163;SC:130;MBCV:81;MBCDNC:36;BCM:19
2021,131,136973,504,129730,130233,131,131.99,BC:158;SC:145;MBCV:80;MBCDNC:46;BCM:24
2021,132,136973,597,129133,129729,132,132.99,BC:195;SC:151;MBCV:104;MBCDNC:41;SCA:36
2021,133,136973,625,128508,129132,133,133.99,BC:193;SC:163;MBCV:107;MBCDNC:40;MBC:35
2021,134,136973,710,127798,128507,134,134.99,BC:243;SC:178;MBCV:121;MBCDNC:47;SCA:38
2021,135,136973,757,127041,127797,135,135.995,BC:276;SC:177;MBCV:133;MBCDNC:58;BCM:32
2021,136,136973,775,126266,127040,136,136.99,BC:238;SC:189;MBCV:149;MBCDNC:68;BCM:40
2021,137,136973,862,125404,126265,137,137.99,BC:296;SC:218;MBCV:137;MBCDNC:63;BCM:43
2021,138,136973,993,124411,125403,138,138.995,BC:373;SC:218;MBCV:153;MBCDNC:87;SCA:56
2021,139,136973,1015,123396,124410,139,139.99,BC:378;SC:229;MBCV:154;MBCDNC:102;BCM:51
2021,140,136973,1044,122352,123395,140,140.995,BC:391;SC:258;MBCV:155;MBCDNC:86;BCM:56
2021,141,136973,1083,121269,122351,141,141.995,BC:426;SC:244;MBCV:173;MBCDNC:78;BCM:45
2021,142,136973,1278,119991,121268,142,142.995,BC:466;SC:294;MBCV:203;MBCDNC:111;BCM:54
2021,143,136973,1329,118662,119990,143,143.99,BC:490;SC:306;MBCV:220;MBCDNC:99;BCM:72
2021,144,136973,1344,117318,118661,144,144.995,BC:490;SC:286;MBCV:224;MBCDNC:126;BCM:70
2021,145,136973,1497,115821,117317,145,145.99,BC:615;SC:301;MBCV:220;MBCDNC:137;BCM:75
2021,146,136973,1579,114242,115820,146,146.995,BC:620;SC:337;MBCV:240;MBCDNC:135;SCA:73
2021,147,136973,1621,112621,114241,147,147.99,BC:604;SC:340;MBCV:247;MBCDNC:145;BCM:93
2021,148,136973,1752,110869,112620,148,148.99,BC:713;SC:339;MBCV:272;MBCDNC:160;BCM:88
2021,149,136973,1814,109055,110868,149,149.995,BC:731;SC:375;MBCV:284;MBCDNC:139;BCM:88
2021,150,136973,1934,107121,109054,150,150.995,BC:810;SC:377;MBCV:288;MBCDNC:161;BCM:85
2021,151,136973,2027,105094,107120,151,151.995,BC:806;SC:412;MBCV:314;MBCDNC:175;BCM:89
2021,152,136973,2093,103001,105093,152,152.995,BC:891;SC:381;MBCV:337;MBCDNC:183;BCM:89
2021,153,136973,2085,100916,103000,153,153.995,BC:891;SC:363;MBCV:314;MBCDNC:193;BCM:99
2021,154,136973,2318,98598,100915,154,154.995,BC:976;SC:423;MBCV:338;MBCDNC:222;BCM:113
2021,155,136973,2317,96281,98597,155,155.995,BC:975;SC:415;MBCV:354;MBCDNC:218;BCM:123
2021,156,136973,2517,93764,96280,156,156.995,BC:1133;SC:421;MBCV:337;MBCDNC:226;BCM:139
2021,157,136973,2510,91254,93763,157,157.995,BC:1134;SC:395;MBCV:375;MBCDNC:226;BCM:121
2021,158,136973,2601,88653,91253,158,158.995,BC:1154;SC:431;MBCV:376;MBCDNC:238;BCM:140
2021,159,136973,2534,86119,88652,159,159.995,BC:1144;SC:388;MBCV:367;MBCDNC:258;BCM:129
2021,160,136973,2785,83334,86118,160,160.995,BC:1278;SC:453;MBCV:393;MBCDNC:242;BCM:127
2021,161,136973,2720,80614,83333,161,161.99,BC:1213;SC:423;MBCV:397;MBCDNC:260;MBC:120
2021,162,136973,2957,77657,80613,162,162.995,BC:1333;SC:459;MBCV:432;MBCDNC:266;BCM:149
2021,163,136973,2853,74804,77656,163,163.995,BC:1352;MBCV:421;SC:403;MBCDNC:250;BCM:138
2021,164,136973,2847,71957,74803,164,164.995,BC:1386;SC:413;MBCV:374;MBCDNC:247;BCM:141
2021,165,136973,2973,68984,71956,165,165.995,BC:1453;SC:411;MBCV:405;MBCDNC:257;BCM:142
2021,166,136973,3030,65954,68983,166,166.995,BC:1491;MBCV:421;SC:386;MBCDNC:281;MBC:139
2021,167,136973,2995,62959,65953,167,167.995,BC:1559;MBCV:389;SC:348;MBCDNC:280;BCM:136
2021,168,136973,2981,59978,62958,168,168.995,BC:1494;MBCV:421;SC:344;MBCDNC:277;BCM:134
2021,169,136973,2961,57017,59977,169,169.995,BC:1541;MBCV:373;SC:326;MBCDNC:257;BCM:148
2021,170,136973,2941,54076,57016,170,170.995,BC:1506;MBCV:396;SC:317;MBCDNC:309;BCM:130
2021,171,136973,2985,51091,54075,171,171.995,BC:1590;MBCV:392;SC:308;MBCDNC:252;BCM:140
2021,172,136973,2917,48174,51090,172,172.995,BC:1551;MBCV:368;SC:305;MBCDNC:253;OC:135
2021,173,136973,2946,45228,48173,173,173.995,BC:1541;MBCV:395;SC:319;MBCDNC:255;OC:153
2021,174,136973,2865,42363,45227,174,174.995,BC:1518;MBCV:369;SC:285;MBCDNC:251;OC:145
2021,175,136973,2800,39563,42362,175,175.995,BC:1549;MBCV:350;SC:259;MBCDNC:223;OC:135
2021,176,136973,2840,36723,39562,176,176.995,BC:1545;MBCV:349;MBCDNC:262;SC:257;OC:141
2021,177,136973,2773,33950,36722,177,177.995,BC:1568;MBCV:336;SC:233;MBCDNC:231;OC:150
2021,178,136973,2608,31342,33949,178,178.995,BC:1471;MBCV:327;MBCDNC:221;SC:204;OC:134
2021,179,136973,2604,28738,31341,179,179.995,BC:1436;MBCV:336;MBCDNC:213;OC:174;SC:170
2021,180,136973,2559,26179,28737,180,180.995,BC:1485;MBCV:280;MBCDNC:217;SC:206;OC:154
2021,181,136973,2488,23691,26178,181,181.995,BC:1433;MBCV:290;OC:192;MBCDNC:179;SC:168
2021,182,136973,2359,21332,23690,182,182.995,BC:1399;MBCV:273;MBCDNC:156;OC:153;SC:143
2021,183,136973,2249,19083,21331,183,183.995,BC:1327;MBCV:273;MBCDNC:175;OC:148;SC:138
2021,184,136973,2243,16840,19082,184,184.995,BC:1318;MBCV:264;OC:168;MBCDNC:155;SC:142
2021,185,136973,2051,14789,16839,185,185.995,BC:1243;MBCV:239;OC:150;MBCDNC:145;SC:119
2021,186,136973,1903,12886,14788,186,186.995,BC:1139;MBCV:211;OC:153;MBCDNC:123;SC:117
2021,187,136973,1866,11020,12885,187,187.995,BC:1108;MBCV:178;OC:161;SC:122;MBCDNC:119
2021,188,136973,1797,9223,11019,188,188.995,BC:1077;OC:189;MBCV:171;MBCDNC:117;SC:85
2021,189,136973,1709,7514,9222,189,189.99,BC:1045;MBCV:169;OC:163;MBCDNC:101;SC:90
2021,190,136973,1829,5685,7513,190,190.995,BC:1074;OC:239;MBCV:177;MBCDNC:110;SC:84
2021,191,136973,1331,4354,5684,191,191.995,BC:783;OC:185;MBCV:123;MBCDNC:71;MBC:68
2021,192,136973,1338,3016,4353,192,192.995,BC:787;OC:218;MBCV:120;MBCDNC:69;SC:52
2021,193,136973,947,2069,3015,193,193.995,BC:562;OC:143;MBCV:80;MBC:46;MBCDNC:45
2021,194,136973,738,1331,2068,194,194.985,BC:462;OC:115;MBCV:49;MBCDNC:38;SC:28
2021,195,136973,522,809,1330,195,195.995,BC:333;OC:72;MBCV:47;MBC:21;MBCDNC:20
2021,196,136973,338,471,808,196,196.995,BC:197;OC:76;MBCV:21;MBCDNC:16;MBC:13
2021,197,136973,253,218,470,197,197.99,BC:153;OC:52;MBCDNC:14;MBCV:11;MBC:9
2021,198,136973,167,51,217,198,198.99,BC:111;OC:29;MBCV:11;MBCDNC:6;MBC:4
2021,199,136973,37,14,50,199,199.5,BC:21;OC:13;MBCDNC:2;MBCV:1
2021,200,136973,13,1,13,200,200,BC:6;OC:5;MBC:1;MBCV:1
2022,77,156278,9,156270,156278,77.5,77.86,BC:2;MBC:2;SC:2;BCM:1;SCA:1
2022,78,156278,28,156242,156269,78,78.75,SC:9;MBC:7;BC:6;SCA:3;BCM:2
2022,79,156278,56,156186,156241,79,79.75,SC:19;BC:18;MBC:13;BCM:2;SCA:2
2022,80,156278,1034,155152,156185,80,80.75,SC:339;MBC:287;BC:266;SCA:75;BCM:52
2022,81,156278,767,154385,155151,81,81.75,BC:249;MBC:224;SC:207;SCA:46;BCM:31
2022,82,156278,741,153644,154384,82,82.5,MBC:228;SC:213;BC:210;SCA:58;BCM:24
2022,83,156278,773,152871,153643,83,83.88,BC:236;SC:222;MBC:205;SCA:62;BCM:37
2022,84,156278,826,152045,152870,84,84.5,SC:254;BC:238;MBC:233;SCA:52;BCM:34
2022,85,156278,872,151173,152044,85,85.77,BC:295;SC:248;MBC:235;SCA:47;BCM:35
2022,86,156278,939,150234,151172,86,86.5,BC:302;SC:265;MBC:250;SCA:55;BCM:45
2022,87,156278,944,149290,150233,87,87.715,BC:306;MBC:253;SC:241;SCA:59;BCM:54
2022,88,156278,913,148377,149289,88,88.5,BC:277;MBC:262;SC:253;BCM:49;SCA:46
2022,89,156278,969,147408,148376,89,89.75,BC:313;MBC:280;SC:237;SCA:60;BCM:49
2022,90,156278,990,146418,147407,90,90.85,BC:315;MBC:274;SC:264;SCA:54;BCM:48
2022,91,156278,1016,145402,146417,91,91.5,BC:353;MBC:307;SC:221;BCM:46;SCA:43
2022,92,156278,984,144418,145401,92,92.5,BC:332;MBC:281;SC:242;SCA:50;BCM:45
2022,93,156278,1023,143395,144417,93,93.5,BC:366;MBC:295;SC:235;BCM:52;SCA:47
2022,94,156278,1066,142329,143394,94,94.5,BC:372;MBC:302;SC:235;BCM:57;SCA:56
2022,95,156278,1089,141240,142328,95,95.5,BC:362;MBC:319;SC:249;BCM:66;SCA:53
2022,96,156278,1044,140196,141239,96,96.5,BC:390;MBC:292;SC:236;SCA:47;BCM:43
2022,97,156278,1106,139090,140195,97,97.75,BC:380;MBC:322;SC:257;BCM:61;SCA:45
2022,98,156278,1084,138006,139089,98,98.75,BC:407;SC:277;MBC:267;BCM:52;SCA:48
2022,99,156278,1141,136865,138005,99,99.75,BC:407;MBC:335;SC:269;BCM:44;SCA:42
2022,100,156278,1145,135720,136864,100,100.75,BC:420;MBC:333;SC:261;BCM:50;SCA:39
2022,101,156278,1117,134603,135719,101,101.5,BC:401;MBC:338;SC:240;BCM:57;SCA:38
2022,102,156278,1248,133355,134602,102,102.5,BC:465;MBC:361;SC:257;BCM:74;SCA:53
2022,103,156278,1227,132128,133354,103,103.75,BC:474;MBC:354;SC:251;BCM:58;SCA:49
2022,104,156278,1193,130935,132127,104,104.75,BC:435;MBC:356;SC:249;BCM:61;SCA:45
2022,105,156278,1231,129704,130934,105,105.5,BC:477;MBC:378;SC:230;BCM:60;SCA:48
2022,106,156278,1342,128362,129703,106,106.74,BC:523;MBC:409;SC:250;BCM:76;SCA:37
2022,107,156278,1294,127068,128361,107,107.75,BC:519;MBC:378;SC:235;BCM:64;OC:48
2022,108,156278,1336,125732,127067,108,108.5,BC:492;MBC:410;SC:266;BCM:73;SCA:47
2022,109,156278,1287,124445,125731,109,109.6666667,BC:480;MBC:394;SC:239;BCM:66;OC:63
2022,110,156278,1315,123130,124444,110,110.77,BC:525;MBC:381;SC:243;BCM:68;OC:52
2022,111,156278,1319,121811,123129,111,111.705,BC:502;MBC:399;SC:254;BCM:72;OC:44
2022,112,156278,1424,120387,121810,112,112.75,BC:575;MBC:386;SC:282;BCM:76;OC:54
2022,113,156278,1418,118969,120386,113,113.75,BC:597;MBC:423;SC:215;BCM:78;OC:56
2022,114,156278,1457,117512,118968,114,114.83,BC:614;MBC:416;SC:263;BCM:66;OC:46
2022,115,156278,1403,116109,117511,115,115.815,BC:586;MBC:385;SC:254;BCM:73;OC:52
2022,116,156278,1460,114649,116108,116,116.915,BC:618;MBC:429;SC:253;OC:64;BCM:57
2022,117,156278,1409,113240,114648,117,117.97,BC:559;MBC:413;SC:258;BCM:73;OC:57
2022,118,156278,1416,111824,113239,118,118.86,BC:601;MBC:404;SC:239;BCM:64;OC:61
2022,119,156278,1419,110405,111823,119,119.53,BC:603;MBC:424;SC:205;BCM:85;OC:56
2022,120,156278,1466,108939,110404,120,120.835,BC:624;MBC:410;SC:259;OC:70;BCM:68
2022,121,156278,1445,107494,108938,121,121.76,BC:614;MBC:430;SC:238;BCM:75;OC:50
2022,122,156278,1521,105973,107493,122,122.75,BC:670;MBC:438;SC:229;OC:66;BCM:63
2022,123,156278,1529,104444,105972,123,123.99,BC:666;MBC:467;SC:238;BCM:59;OC:57
2022,124,156278,1571,102873,104443,124,124.965,BC:688;MBC:457;SC:253;OC:68;BCM:63
2022,125,156278,1520,101353,102872,125,125.99,BC:664;MBC:454;SC:230;BCM:68;OC:59
2022,126,156278,1550,99803,101352,126,126.955,BC:699;MBC:446;SC:222;BCM:81;OC:61
2022,127,156278,1436,98367,99802,127,127.955,BC:645;MBC:440;SC:203;BCM:60;OC:52
2022,128,156278,1474,96893,98366,128,128.75,BC:656;MBC:428;SC:206;BCM:75;OC:67
2022,129,156278,1477,95416,96892,129,129.955,BC:638;MBC:431;SC:232;BCM:85;OC:57
2022,130,156278,1573,93843,95415,130,130.99,BC:718;MBC:433;SC:225;BCM:81;OC:68
2022,131,156278,1578,92265,93842,131,131.925,BC:718;MBC:446;SC:221;BCM:79;OC:65
2022,132,156278,1590,90675,92264,132,132.99,BC:736;MBC:471;SC:224;BCM:58;OC:58
2022,133,156278,1533,89142,90674,133,133.99,BC:700;MBC:442;SC:201;BCM:85;OC:68
2022,134,156278,1545,87597,89141,134,134.99,BC:722;MBC:415;SC:205;BCM:91;OC:73
2022,135,156278,1537,86060,87596,135,135.99,BC:736;MBC:428;SC:191;BCM:76;OC:74
2022,136,156278,1495,84565,86059,136,136.99,BC:690;MBC:467;SC:185;BCM:68;OC:52
2022,137,156278,1449,83116,84564,137,137.99,BC:711;MBC:365;SC:184;OC:79;BCM:73
2022,138,156278,1473,81643,83115,138,138.99,BC:712;MBC:404;SC:194;BCM:71;OC:66
2022,139,156278,1538,80105,81642,139,139.99,BC:706;MBC:426;SC:217;BCM:77;OC:76
2022,140,156278,1497,78608,80104,140,140.99,BC:693;MBC:411;SC:211;OC:84;BCM:61
2022,141,156278,1582,77026,78607,141,141.99,BC:790;MBC:429;SC:181;OC:78;BCM:65
2022,142,156278,1525,75501,77025,142,142.99,BC:728;MBC:429;SC:190;BCM:80;OC:72
2022,143,156278,1517,73984,75500,143,143.99,BC:745;MBC:417;SC:168;BCM:83;OC:70
2022,144,156278,1514,72470,73983,144,144.99,BC:776;MBC:395;SC:185;BCM:72;OC:56
2022,145,156278,1463,71007,72469,145,145.985,BC:685;MBC:423;SC:186;BCM:65;OC:65
2022,146,156278,1494,69513,71006,146,146.995,BC:730;MBC:440;SC:164;OC:66;BCM:60
2022,147,156278,1517,67996,69512,147,147.99,BC:755;MBC:428;SC:156;BCM:76;OC:74
2022,148,156278,1501,66495,67995,148,148.99,BC:752;MBC:418;SC:171;BCM:75;OC:56
2022,149,156278,1466,65029,66494,149,149.99,BC:733;MBC:383;SC:160;BCM:87;OC:71
2022,150,156278,1461,63568,65028,150,150.99,BC:729;MBC:413;SC:149;OC:71;BCM:69
2022,151,156278,1467,62101,63567,151,151.99,BC:733;MBC:416;SC:143;BCM:75;OC:67
2022,152,156278,1536,60565,62100,152,152.99,BC:779;MBC:412;SC:177;BCM:74;OC:68
2022,153,156278,1494,59071,60564,153,153.99,BC:778;MBC:374;SC:154;BCM:92;OC:68
2022,154,156278,1491,57580,59070,154,154.99,BC:728;MBC:443;SC:175;BCM:63;OC:56
2022,155,156278,1470,56110,57579,155,155.99,BC:744;MBC:381;SC:179;OC:78;BCM:62
2022,156,156278,1476,54634,56109,156,156.965,BC:760;MBC:369;SC:159;BCM:85;OC:80
2022,157,156278,1419,53215,54633,157,157.99,BC:720;MBC:385;SC:152;OC:71;BCM:65
2022,158,156278,1544,51671,53214,158,158.99,BC:813;MBC:429;SC:155;BCM:66;OC:56
2022,159,156278,1462,50209,51670,159,159.99,BC:790;MBC:404;SC:137;OC:64;BCM:49
2022,160,156278,1563,48646,50208,160,160.99,BC:780;MBC:447;SC:172;OC:80;BCM:61
2022,161,156278,1492,47154,48645,161,161.99,BC:744;MBC:408;SC:152;OC:85;BCM:73
2022,162,156278,1576,45578,47153,162,162.995,BC:804;MBC:433;SC:164;BCM:76;OC:76
2022,163,156278,1483,44095,45577,163,163.965,BC:764;MBC:393;SC:148;OC:88;BCM:69
2022,164,156278,1472,42623,44094,164,164.99,BC:752;MBC:378;SC:174;OC:82;BCM:72
2022,165,156278,1482,41141,42622,165,165.99,BC:759;MBC:378;SC:160;OC:85;BCM:68
2022,166,156278,1522,39619,41140,166,166.99,BC:794;MBC:429;SC:137;OC:77;BCM:55
2022,167,156278,1545,38074,39618,167,167.99,BC:838;MBC:379;SC:133;OC:84;BCM:72
2022,168,156278,1451,36623,38073,168,168.99,BC:751;MBC:377;SC:155;OC:90;BCM:58
2022,169,156278,1519,35104,36622,169,169.99,BC:804;MBC:404;SC:132;OC:76;BCM:75
2022,170,156278,1416,33688,35103,170,170.99,BC:752;MBC:339;SC:153;OC:92;BCM:65
2022,171,156278,1492,32196,33687,171,171.995,BC:813;MBC:370;SC:134;OC:83;BCM:72
2022,172,156278,1455,30741,32195,172,172.995,BC:789;MBC:378;SC:127;OC:91;BCM:54
2022,173,156278,1465,29276,30740,173,173.99,BC:788;MBC:419;SC:119;OC:74;BCM:47
2022,174,156278,1519,27757,29275,174,174.99,BC:823;MBC:384;SC:135;OC:91;BCM:70
2022,175,156278,1338,26419,27756,175,175.99,BC:745;MBC:345;SC:109;OC:88;BCM:42
2022,176,156278,1475,24944,26418,176,176.99,BC:832;MBC:367;SC:102;OC:95;BCM:56
2022,177,156278,1451,23493,24943,177,177.995,BC:812;MBC:360;SC:128;OC:80;BCM:55
2022,178,156278,1395,22098,23492,178,178.975,BC:783;MBC:344;SC:108;OC:95;BCM:48
2022,179,156278,1361,20737,22097,179,179.995,BC:793;MBC:341;OC:87;SC:82;BCM:46
2022,180,156278,1295,19442,20736,180,180.99,BC:717;MBC:313;SC:102;OC:97;BCM:50
2022,181,156278,1234,18208,19441,181,181.995,BC:707;MBC:304;OC:87;SC:70;BCM:56
2022,182,156278,1259,16949,18207,182,182.99,BC:737;MBC:291;OC:86;SC:78;BCM:58
2022,183,156278,1287,15662,16948,183,183.99,BC:739;MBC:302;OC:96;SC:91;BCM:49
2022,184,156278,1226,14436,15661,184,184.995,BC:698;MBC:304;OC:90;SC:71;BCM:48
2022,185,156278,1258,13178,14435,185,185.99,BC:743;MBC:293;OC:96;SC:68;BCM:47
2022,186,156278,1219,11959,13177,186,186.995,BC:725;MBC:267;OC:101;SC:73;BCM:48
2022,187,156278,1239,10720,11958,187,187.985,BC:764;MBC:264;OC:92;SC:59;BCM:52
2022,188,156278,1211,9509,10719,188,188.99,BC:720;MBC:272;OC:98;SC:69;BCM:43
2022,189,156278,1209,8300,9508,189,189.985,BC:712;MBC:261;OC:125;SC:62;BCM:42
2022,190,156278,1272,7028,8299,190,190.99,BC:764;MBC:281;OC:141;BCM:45;SC:36
2022,191,156278,1155,5873,7027,191,191.99,BC:728;MBC:210;OC:129;SC:46;BCM:37
2022,192,156278,1058,4815,5872,192,192.995,BC:675;MBC:188;OC:117;BCM:41;SC:33
2022,193,156278,938,3877,4814,193,193.985,BC:589;MBC:187;OC:102;SC:30;BCM:27
2022,194,156278,858,3019,3876,194,194.975,BC:544;MBC:145;OC:91;BCM:43;SC:35
2022,195,156278,716,2303,3018,195,195.945,BC:435;MBC:133;OC:93;SC:27;BCM:24
2022,196,156278,699,1604,2302,196,196.995,BC:449;MBC:123;OC:89;BCM:21;SC:17
2022,197,156278,646,958,1603,197,197.885,BC:417;MBC:105;OC:81;SC:26;BCM:15
2022,198,156278,492,466,957,198,198.69,BC:340;MBC:73;OC:57;BCM:11;SC:11
2022,199,156278,333,133,465,199,199.6666667,BC:216;MBC:54;OC:48;BCM:9;SC:5
2022,200,156278,132,1,132,200,200,BC:89;OC:25;MBC:12;SC:5;BCM:1
2023,77,176744,1,176744,176744,77.5,77.5,MBC:1
2023,78,176744,6,176738,176743,78,78.5,MBC:2;BC:1;BCM:1;SC:1;ST:1
2023,79,176744,8,176730,176737,79,79.75,BC:3;SC:3;BCM:1;MBC:1
2023,80,176744,106,176624,176729,80,80.5,SC:43;MBC:25;BC:22;SCA:10;BCM:4
2023,81,176744,44,176580,176623,81,81.75,MBC:19;BC:10;SC:9;SCA:4;BCM:2
2023,82,176744,172,176408,176579,82,82.75,SC:59;BC:52;MBC:37;BCM:13;SCA:10
2023,83,176744,86,176322,176407,83,83.75,BC:29;MBC:29;SC:22;BCM:3;SCA:3
2023,84,176744,125,176197,176321,84,84.5,SC:46;MBC:36;BC:34;SCA:7;BCM:2
2023,85,176744,250,175947,176196,85,85.75,SC:90;BC:72;MBC:62;BCM:11;SCA:10
2023,86,176744,167,175780,175946,86,86.5,SC:50;MBC:47;BC:43;SCA:12;BCM:8
2023,87,176744,428,175352,175779,87,87.5,MBC:127;SC:127;BC:114;SCA:27;BCM:26
2023,88,176744,349,175003,175351,88,88.5,SC:106;MBC:105;BC:102;BCM:11;SCA:11
2023,89,176744,505,174498,175002,89,89.5,MBC:154;SC:142;BC:140;SCA:26;BCM:21
2023,90,176744,519,173979,174497,90,90.5,BC:171;SC:148;MBC:127;SCA:28;BCM:26
2023,91,176744,574,173405,173978,91,91.5,SC:167;BC:166;MBC:147;BCM:37;SCA:32
2023,92,176744,601,172804,173404,92,92.5,BC:183;MBC:181;SC:171;BCM:27;SCA:19
2023,93,176744,653,172151,172803,93,93.5,BC:203;MBC:175;SC:175;SCA:37;BCM:33
2023,94,176744,722,171429,172150,94,94.75,BC:227;MBC:206;SC:193;BCM:36;SCA:35
2023,95,176744,774,170655,171428,95,95.5,BC:247;MBC:233;SC:191;BCM:41;SCA:32
2023,96,176744,780,169875,170654,96,96.5,BC:272;MBC:219;SC:165;SCA:44;BCM:36
2023,97,176744,838,169037,169874,97,97.5,MBC:261;BC:247;SC:215;SCA:44;BCM:35
2023,98,176744,853,168184,169036,98,98.74,BC:295;MBC:260;SC:188;SCA:40;BCM:38
2023,99,176744,969,167215,168183,99,99.76,BC:324;MBC:270;SC:235;BCM:48;SCA:43
2023,100,176744,1014,166201,167214,100,100.75,BC:336;MBC:309;SC:229;BCM:54;SCA:41
2023,101,176744,1088,165113,166200,101,101.5,BC:349;MBC:323;SC:267;BCM:59;SCA:50
2023,102,176744,1072,164041,165112,102,102.5,BC:389;MBC:308;SC:250;SCA:51;OC:37
2023,103,176744,1236,162805,164040,103,103.5,BC:409;MBC:381;SC:283;SCA:60;BCM:48
2023,104,176744,1296,161509,162804,104,104.75,BC:444;MBC:401;SC:277;BCM:57;OC:50
2023,105,176744,1299,160210,161508,105,105.7676768,BC:466;MBC:378;SC:287;SCA:57;BCM:55
2023,106,176744,1275,158935,160209,106,106.78,BC:472;MBC:373;SC:266;BCM:54;SCA:49
2023,107,176744,1549,157386,158934,107,107.6666667,BC:566;MBC:436;SC:336;BCM:71;OC:68
2023,108,176744,1585,155801,157385,108,108.5,BC:522;MBC:517;SC:310;BCM:79;SCA:71
2023,109,176744,1549,154252,155800,109,109.5,BC:584;MBC:446;SC:315;BCM:66;SCA:65
2023,110,176744,1648,152604,154251,110,110.5,BC:636;MBC:483;SC:334;BCM:77;OC:59
2023,111,176744,1687,150917,152603,111,111.5,BC:588;MBC:522;SC:351;BCM:80;SCA:78
2023,112,176744,1680,149237,150916,112,112.5,BC:628;MBC:478;SC:348;BCM:85;SCA:71
2023,113,176744,1749,147488,149236,113,113.5,BC:616;MBC:530;SC:356;BCM:103;OC:73
2023,114,176744,1770,145718,147487,114,114.71,BC:671;MBC:493;SC:375;BCM:80;SCA:69
2023,115,176744,1871,143847,145717,115,115.5,BC:691;MBC:570;SC:385;BCM:80;OC:72
2023,116,176744,1928,141919,143846,116,116.7626263,BC:740;MBC:570;SC:376;BCM:95;OC:74
2023,117,176744,1918,140001,141918,117,117.5,BC:749;MBC:564;SC:357;BCM:87;OC:80
2023,118,176744,1991,138010,140000,118,118.5,BC:770;MBC:589;SC:363;BCM:106;OC:76
2023,119,176744,2098,135912,138009,119,119.815,BC:833;MBC:648;SC:356;BCM:96;OC:78
2023,120,176744,2042,133870,135911,120,120.975,BC:839;MBC:552;SC:392;BCM:90;OC:85
2023,121,176744,2190,131680,133869,121,121.5,BC:943;MBC:621;SC:376;BCM:93;OC:75
2023,122,176744,2123,129557,131679,122,122.75,BC:883;MBC:630;SC:352;BCM:104;OC:77
2023,123,176744,2238,127319,129556,123,123.5,BC:880;MBC:669;SC:393;BCM:112;OC:91
2023,124,176744,2147,125172,127318,124,124.75,BC:862;MBC:660;SC:371;BCM:109;OC:81
2023,125,176744,2166,123006,125171,125,125.5,BC:887;MBC:651;SC:386;BCM:104;OC:69
2023,126,176744,2222,120784,123005,126,126.835,BC:912;MBC:678;SC:373;BCM:100;OC:81
2023,127,176744,2171,118613,120783,127,127.9,BC:897;MBC:659;SC:340;BCM:126;OC:84
2023,128,176744,2261,116352,118612,128,128.5,BC:970;MBC:646;SC:368;BCM:126;OC:79
2023,129,176744,2217,114135,116351,129,129.75,BC:968;MBC:663;SC:356;BCM:95;OC:65
2023,130,176744,2242,111893,114134,130,130.945,BC:941;MBC:674;SC:378;BCM:119;OC:63
2023,131,176744,2348,109545,111892,131,131.8383838,BC:1048;MBC:663;SC:368;BCM:111;OC:83
2023,132,176744,2206,107339,109544,132,132.955,BC:978;MBC:634;SC:331;BCM:115;OC:84
2023,133,176744,2250,105089,107338,133,133.705,BC:944;MBC:705;SC:317;BCM:122;OC:94
2023,134,176744,2246,102843,105088,134,134.99,BC:986;MBC:683;SC:319;BCM:103;OC:82
2023,135,176744,2302,100541,102842,135,135.97,BC:998;MBC:693;SC:353;BCM:120;OC:79
2023,136,176744,2328,98213,100540,136,136.955,BC:1057;MBC:690;SC:321;BCM:110;OC:88
2023,137,176744,2162,96051,98212,137,137.955,BC:947;MBC:639;SC:354;BCM:105;OC:72
2023,138,176744,2289,93762,96050,138,138.9,BC:1053;MBC:700;SC:286;BCM:112;OC:69
2023,139,176744,2213,91549,93761,139,139.855,BC:1038;MBC:630;SC:300;BCM:101;OC:87
2023,140,176744,2309,89240,91548,140,140.985,BC:1023;MBC:679;SC:319;BCM:124;OC:98
2023,141,176744,2190,87050,89239,141,141.86,BC:1020;MBC:655;SC:273;BCM:120;OC:73
2023,142,176744,2245,84805,87049,142,142.92,BC:1050;MBC:666;SC:287;BCM:121;OC:80
2023,143,176744,2146,82659,84804,143,143.705,BC:1004;MBC:632;SC:268;BCM:108;OC:78
2023,144,176744,2152,80507,82658,144,144.9,BC:1036;MBC:595;SC:264;BCM:111;OC:99
2023,145,176744,2163,78344,80506,145,145.845,BC:1013;MBC:643;SC:264;BCM:115;OC:83
2023,146,176744,2101,76243,78343,146,146.985,BC:1030;MBC:607;SC:231;BCM:99;OC:91
2023,147,176744,2035,74208,76242,147,147.955,BC:998;MBC:599;SC:222;BCM:108;OC:71
2023,148,176744,2149,72059,74207,148,148.92,BC:1058;MBC:592;SC:250;BCM:110;OC:103
2023,149,176744,2062,69997,72058,149,149.99,BC:989;MBC:580;SC:258;BCM:112;OC:89
2023,150,176744,2074,67923,69996,150,150.835,BC:1006;MBC:587;SC:233;BCM:114;OC:88
2023,151,176744,2070,65853,67922,151,151.99,BC:996;MBC:604;SC:231;BCM:116;OC:85
2023,152,176744,1992,63861,65852,152,152.9,BC:939;MBC:602;SC:238;OC:95;BCM:81
2023,153,176744,2069,61792,63860,153,153.99,BC:1007;MBC:628;SC:195;BCM:103;OC:91
2023,154,176744,2032,59760,61791,154,154.8838384,BC:999;MBC:573;SC:221;BCM:102;OC:95
2023,155,176744,1950,57810,59759,155,155.955,BC:975;MBC:562;SC:206;BCM:95;OC:79
2023,156,176744,1974,55836,57809,156,156.955,BC:972;MBC:588;SC:192;BCM:113;OC:79
2023,157,176744,1925,53911,55835,157,157.955,BC:956;MBC:579;SC:181;BCM:95;OC:87
2023,158,176744,1867,52044,53910,158,158.98,BC:942;MBC:552;SC:168;BCM:99;OC:77
2023,159,176744,1890,50154,52043,159,159.985,BC:967;MBC:528;SC:169;BCM:105;OC:95
2023,160,176744,1860,48294,50153,160,160.985,BC:982;MBC:513;SC:158;BCM:104;OC:78
2023,161,176744,1806,46488,48293,161,161.99,BC:934;MBC:503;SC:158;BCM:95;OC:90
2023,162,176744,1761,44727,46487,162,162.965,BC:901;MBC:499;SC:158;OC:84;BCM:83
2023,163,176744,1752,42975,44726,163,163.92,BC:926;MBC:475;SC:154;BCM:92;OC:81
2023,164,176744,1779,41196,42974,164,164.965,BC:948;MBC:501;SC:148;OC:81;BCM:79
2023,165,176744,1705,39491,41195,165,165.98,BC:887;MBC:475;SC:166;BCM:84;OC:81
2023,166,176744,1636,37855,39490,166,166.91,BC:906;MBC:426;SC:120;OC:83;BCM:82
2023,167,176744,1650,36205,37854,167,167.975,BC:868;MBC:442;SC:155;OC:91;BCM:67
2023,168,176744,1572,34633,36204,168,168.985,BC:854;MBC:429;SC:128;OC:77;BCM:63
2023,169,176744,1578,33055,34632,169,169.98,BC:820;MBC:457;SC:140;OC:85;BCM:63
2023,170,176744,1530,31525,33054,170,170.965,BC:835;MBC:400;SC:116;BCM:84;OC:75
2023,171,176744,1610,29915,31524,171,171.955,BC:901;MBC:421;SC:116;BCM:77;OC:77
2023,172,176744,1484,28431,29914,172,172.94,BC:775;MBC:429;SC:98;OC:93;BCM:76
2023,173,176744,1404,27027,28430,173,173.96,BC:759;MBC:359;SC:111;OC:87;BCM:69
2023,174,176744,1465,25562,27026,174,174.97,BC:797;MBC:377;SC:120;OC:85;BCM:72
2023,175,176744,1375,24187,25561,175,175.99,BC:767;MBC:338;SC:102;OC:85;BCM:67
2023,176,176744,1425,22762,24186,176,176.99,BC:801;MBC:385;OC:83;SC:82;BCM:60
2023,177,176744,1318,21444,22761,177,177.98,BC:731;MBC:342;SC:95;OC:80;BCM:62
2023,178,176744,1308,20136,21443,178,178.975,BC:724;MBC:331;SC:92;BCM:76;OC:71
2023,179,176744,1310,18826,20135,179,179.935,BC:750;MBC:307;OC:94;SC:89;BCM:56
2023,180,176744,1204,17622,18825,180,180.9242424,BC:689;MBC:307;OC:85;SC:62;BCM:52
2023,181,176744,1190,16432,17621,181,181.985,BC:696;MBC:292;OC:73;SC:63;BCM:59
2023,182,176744,1198,15234,16431,182,182.98,BC:681;MBC:300;OC:76;BCM:68;SC:66
2023,183,176744,1100,14134,15233,183,183.965,BC:634;MBC:269;OC:77;SC:63;BCM:49
2023,184,176744,1163,12971,14133,184,184.959596,BC:684;MBC:278;OC:95;SC:56;BCM:43
2023,185,176744,1101,11870,12970,185,185.955,BC:609;MBC:280;OC:78;SC:67;BCM:58
2023,186,176744,1120,10750,11869,186,186.935,BC:659;MBC:257;OC:74;SC:63;BCM:57
2023,187,176744,1015,9735,10749,187,187.989899,BC:595;MBC:233;OC:73;SC:67;BCM:43
2023,188,176744,1011,8724,9734,188,188.955,BC:586;MBC:243;OC:86;BCM:47;SC:47
2023,189,176744,1017,7707,8723,189,189.99,BC:599;MBC:217;OC:94;SC:52;BCM:50
2023,190,176744,1315,6392,7706,190,190.99,BC:780;MBC:237;OC:194;BCM:58;SC:41
2023,191,176744,1054,5338,6391,191,191.969697,BC:621;MBC:230;OC:111;SC:49;BCM:40
2023,192,176744,947,4391,5337,192,192.979798,BC:567;MBC:184;OC:122;SC:39;BCM:34
2023,193,176744,804,3587,4390,193,193.9646465,BC:483;MBC:177;OC:78;BCM:32;SC:32
2023,194,176744,675,2912,3586,194,194.985,BC:410;MBC:138;OC:67;BCM:29;SC:26
2023,195,176744,642,2270,2911,195,195.979798,BC:381;MBC:140;OC:54;BCM:33;SC:30
2023,196,176744,635,1635,2269,196,196.9747475,BC:408;MBC:135;OC:47;SC:29;BCM:14
2023,197,176744,579,1056,1634,197,197.989899,BC:365;MBC:123;OC:50;BCM:21;SC:20
2023,198,176744,548,508,1055,198,198.6666667,BC:357;MBC:117;OC:33;SC:23;BCM:18
2023,199,176744,405,103,507,199,199.75,BC:288;MBC:65;OC:25;SC:15;BCM:12
2023,200,176744,102,1,102,200,200,BC:67;MBC:22;OC:8;SC:3;BCM:2
2024,77,197601,3,197599,197601,77.5,77.5,MBC:2;SC:1
2024,78,197601,7,197592,197598,78,78.5,MBC:3;BCM:2;SC:2
2024,79,197601,10,197582,197591,79,79.5,MBC:3;SC:3;SCA:2;BC:1;BCM:1
2024,80,197601,238,197344,197581,80,80.5,MBC:74;BC:70;SC:67;SCA:13;BCM:9
2024,81,197601,216,197128,197343,81,81.5,SC:71;MBC:65;BC:58;SCA:13;BCM:8
2024,82,197601,327,196801,197127,82,82.5,BC:99;SC:93;MBC:85;SCA:29;BCM:16
2024,83,197601,343,196458,196800,83,83.75,SC:105;MBC:100;BC:94;BCM:19;SCA:19
2024,84,197601,366,196092,196457,84,84.5,MBC:113;SC:112;BC:89;SCA:26;BCM:20
2024,85,197601,455,195637,196091,85,85.5,BC:136;MBC:131;SC:109;SCA:38;BCM:27
2024,86,197601,501,195136,195636,86,86.5,MBC:145;SC:142;BC:141;SCA:30;BCM:28
2024,87,197601,572,194564,195135,87,87.5,BC:179;SC:176;MBC:146;BCM:29;SCA:24
2024,88,197601,586,193978,194563,88,88.75,SC:182;BC:161;MBC:157;SCA:31;BCM:27
2024,89,197601,645,193333,193977,89,89.99,MBC:216;SC:184;BC:168;SCA:33;BCM:30
2024,90,197601,712,192621,193332,90,90.5,BC:209;MBC:205;SC:196;SCA:54;BCM:29
2024,91,197601,707,191914,192620,91,91.5,MBC:214;BC:205;SC:192;SCA:42;BCM:28
2024,92,197601,767,191147,191913,92,92.5,BC:233;MBC:232;SC:198;SCA:42;BCM:34
2024,93,197601,826,190321,191146,93,93.5,BC:271;MBC:238;SC:202;SCA:47;BCM:30
2024,94,197601,843,189478,190320,94,94.5,BC:295;MBC:227;SC:201;BCM:44;SCA:44
2024,95,197601,915,188563,189477,95,95.5,BC:274;MBC:271;SC:240;BCM:58;SCA:42
2024,96,197601,990,187573,188562,96,96.5,MBC:307;BC:304;SC:257;SCA:46;BCM:42
2024,97,197601,965,186608,187572,97,97.5,BC:294;MBC:281;SC:254;SCA:50;BCM:49
2024,98,197601,995,185613,186607,98,98.5,BC:348;MBC:304;SC:230;BCM:41;SCA:37
2024,99,197601,1037,184576,185612,99,99.5,BC:344;MBC:315;SC:245;BCM:54;SCA:40
2024,100,197601,1135,183441,184575,100,100.75,BC:393;MBC:348;SC:253;SCA:55;BCM:42
2024,101,197601,1181,182260,183440,101,101.5,BC:394;MBC:372;SC:265;SCA:62;BCM:48
2024,102,197601,1207,181053,182259,102,102.5,BC:414;MBC:378;SC:272;BCM:56;SCA:44
2024,103,197601,1249,179804,181052,103,103.5,BC:440;MBC:397;SC:275;SCA:52;BCM:43
2024,104,197601,1375,178429,179803,104,104.5,BC:487;MBC:401;SC:302;BCM:77;SCA:56
2024,105,197601,1410,177019,178428,105,105.5,BC:504;MBC:422;SC:303;BCM:64;SCA:55
2024,106,197601,1497,175522,177018,106,106.755102,BC:513;MBC:454;SC:342;BCM:74;SCA:58
2024,107,197601,1510,174012,175521,107,107.75,BC:565;MBC:462;SC:309;SCA:69;BCM:58
2024,108,197601,1592,172420,174011,108,108.5,BC:596;MBC:449;SC:352;BCM:80;SCA:60
2024,109,197601,1543,170877,172419,109,109.5,BC:578;MBC:468;SC:315;BCM:82;SCA:55
2024,110,197601,1605,169272,170876,110,110.5,BC:592;MBC:490;SC:341;BCM:69;SCA:64
2024,111,197601,1659,167613,169271,111,111.770769,BC:599;MBC:498;SC:365;BCM:92;OC:49
2024,112,197601,1703,165910,167612,112,112.739641,BC:621;MBC:501;SC:381;BCM:83;SCA:53
2024,113,197601,1798,164112,165909,113,113.5,BC:676;MBC:554;SC:353;BCM:84;SCA:75
2024,114,197601,1999,162113,164111,114,114.5,BC:755;MBC:586;SC:411;BCM:92;SCA:69
2024,115,197601,1936,160177,162112,115,115.813131,BC:755;MBC:576;SC:389;BCM:97;SCA:53
2024,116,197601,1946,158231,160176,116,116.75,BC:718;MBC:586;SC:388;BCM:114;SCA:63
2024,117,197601,1981,156250,158230,117,117.76,BC:769;MBC:579;SC:387;BCM:93;SCA:70
2024,118,197601,1921,154329,156249,118,118.5,BC:771;MBC:554;SC:376;BCM:92;OC:65
2024,119,197601,1994,152335,154328,119,119.75,BC:776;MBC:615;SC:359;BCM:103;SCA:69
2024,120,197601,2040,150295,152334,120,120.5,BC:831;MBC:619;SC:364;BCM:96;OC:60
2024,121,197601,2099,148196,150294,121,121.666667,BC:859;MBC:643;SC:388;BCM:79;OC:61
2024,122,197601,2142,146054,148195,122,122.897959,BC:834;MBC:672;SC:390;BCM:87;OC:78
2024,123,197601,2037,144017,146053,123,123.99,BC:799;MBC:625;SC:374;BCM:104;SCA:65
2024,124,197601,2083,141934,144016,124,124.695,BC:834;MBC:624;SC:390;BCM:112;OC:59
2024,125,197601,2220,139714,141933,125,125.963719,BC:902;MBC:658;SC:381;BCM:115;OC:88
2024,126,197601,2142,137572,139713,126,126.75,BC:844;MBC:654;SC:382;BCM:106;OC:72
2024,127,197601,2124,135448,137571,127,127.705,BC:876;MBC:643;SC:350;BCM:109;OC:70
2024,128,197601,2083,133365,135447,128,128.973408,BC:849;MBC:645;SC:341;BCM:97;OC:74
2024,129,197601,2072,131293,133364,129,129.955,BC:820;MBC:688;SC:329;BCM:90;OC:78
2024,130,197601,2272,129021,131292,130,130.693878,BC:972;MBC:691;SC:366;BCM:89;OC:76
2024,131,197601,2198,126823,129020,131,131.816327,BC:925;MBC:672;SC:347;BCM:113;OC:78
2024,132,197601,2224,124599,126822,132,132.9,BC:932;MBC:659;SC:361;BCM:126;OC:68
2024,133,197601,2213,122386,124598,133,133.78,BC:888;MBC:701;SC:353;BCM:128;OC:81
2024,134,197601,2216,120170,122385,134,134.81,BC:971;MBC:676;SC:323;BCM:107;OC:71
2024,135,197601,2198,117972,120169,135,135.99,BC:945;MBC:691;SC:336;BCM:107;OC:66
2024,136,197601,2182,115790,117971,136,136.85,BC:944;MBC:686;SC:317;BCM:111;OC:70
2024,137,197601,2208,113582,115789,137,137.666667,BC:958;MBC:688;SC:316;BCM:110;OC:76
2024,138,197601,2166,111416,113581,138,138.955,BC:967;MBC:619;SC:330;BCM:123;OC:68
2024,139,197601,2296,109120,111415,139,139.715,BC:966;MBC:726;SC:361;BCM:117;OC:78
2024,140,197601,2307,106813,109119,140,140.99,BC:1076;MBC:683;SC:298;BCM:101;OC:86
2024,141,197601,2210,104603,106812,141,141.955,BC:1019;MBC:638;SC:317;BCM:102;OC:78
2024,142,197601,2260,102343,104602,142,142.955,BC:995;MBC:702;SC:308;BCM:112;OC:87
2024,143,197601,2172,100171,102342,143,143.75,BC:970;MBC:680;SC:294;BCM:116;OC:67
2024,144,197601,2289,97882,100170,144,144.99,BC:1072;MBC:692;SC:273;BCM:121;OC:75
2024,145,197601,2209,95673,97881,145,145.75,BC:1022;MBC:650;SC:304;OC:90;BCM:88
2024,146,197601,2190,93483,95672,146,146.9,BC:988;MBC:664;SC:291;BCM:116;OC:70
2024,147,197601,2254,91229,93482,147,147.745,BC:1043;MBC:704;SC:297;BCM:96;OC:71
2024,148,197601,2232,88997,91228,148,148.67,BC:1051;MBC:656;SC:265;BCM:131;OC:81
2024,149,197601,2245,86752,88996,149,149.955,BC:1028;MBC:699;SC:258;BCM:114;OC:88
2024,150,197601,2223,84529,86751,150,150.965,BC:1051;MBC:687;SC:250;BCM:108;OC:86
2024,151,197601,2276,82253,84528,151,151.75,BC:1080;MBC:697;SC:256;BCM:109;OC:94
2024,152,197601,2158,80095,82252,152,152.985,BC:974;MBC:653;SC:274;BCM:107;OC:100
2024,153,197601,2178,77917,80094,153,153.78,BC:1039;MBC:692;SC:228;BCM:95;OC:85
2024,154,197601,2198,75719,77916,154,154.84,BC:1027;MBC:638;SC:284;BCM:129;OC:72
2024,155,197601,2183,73536,75718,155,155.99,BC:1026;MBC:681;SC:263;BCM:104;OC:71
2024,156,197601,2153,71383,73535,156,156.955,BC:1057;MBC:630;SC:226;BCM:105;OC:83
2024,157,197601,2175,69208,71382,157,157.975,BC:1021;MBC:665;SC:245;BCM:119;OC:85
2024,158,197601,2209,66999,69207,158,158.99,BC:1064;MBC:645;SC:246;BCM:120;OC:93
2024,159,197601,2137,64862,66998,159,159.835,BC:1033;MBC:645;SC:212;BCM:122;OC:92
2024,160,197601,2168,62694,64861,160,160.995,BC:1084;MBC:626;SC:217;BCM:118;OC:87
2024,161,197601,2110,60584,62693,161,161.97,BC:1011;MBC:641;SC:231;BCM:103;OC:93
2024,162,197601,2142,58442,60583,162,162.99,BC:1067;MBC:665;SC:198;BCM:114;OC:73
2024,163,197601,2072,56370,58441,163,163.92,BC:1061;MBC:582;SC:211;BCM:109;OC:79
2024,164,197601,2085,54285,56369,164,164.955,BC:997;MBC:632;SC:217;BCM:104;OC:99
2024,165,197601,2116,52169,54284,165,165.875,BC:1101;MBC:616;SC:194;OC:92;BCM:90
2024,166,197601,2079,50090,52168,166,166.98,BC:1108;MBC:575;SC:191;BCM:102;OC:73
2024,167,197601,2011,48079,50089,167,167.995,BC:1068;MBC:567;SC:171;BCM:87;OC:85
2024,168,197601,1985,46094,48078,168,168.99,BC:1004;MBC:576;SC:188;OC:97;BCM:89
2024,169,197601,2097,43997,46093,169,169.99,BC:1140;MBC:545;SC:181;BCM:106;OC:99
2024,170,197601,2071,41926,43996,170,170.945,BC:1113;MBC:568;SC:169;BCM:110;OC:84
2024,171,197601,1999,39927,41925,171,171.89,BC:1011;MBC:584;SC:173;OC:116;BCM:95
2024,172,197601,1923,38004,39926,172,172.995,BC:1011;MBC:537;SC:164;BCM:102;OC:91
2024,173,197601,2046,35958,38003,173,173.965,BC:1080;MBC:565;SC:173;BCM:107;OC:95
2024,174,197601,1860,34098,35957,174,174.98,BC:1022;MBC:500;SC:141;BCM:88;OC:84
2024,175,197601,1835,32263,34097,175,175.985,BC:998;MBC:484;SC:139;OC:94;BCM:92
2024,176,197601,1914,30349,32262,176,176.975,BC:986;MBC:526;SC:153;OC:121;BCM:111
2024,177,197601,1831,28518,30348,177,177.925,BC:1005;MBC:470;SC:160;OC:93;BCM:77
2024,178,197601,1863,26655,28517,178,178.975,BC:1024;MBC:491;SC:150;OC:104;BCM:79
2024,179,197601,1754,24901,26654,179,179.98,BC:946;MBC:502;SC:126;OC:83;BCM:74
2024,180,197601,1807,23094,24900,180,180.975,BC:976;MBC:490;SC:134;OC:109;BCM:82
2024,181,197601,1741,21353,23093,181,181.98,BC:963;MBC:458;SC:126;OC:106;BCM:69
2024,182,197601,1781,19572,21352,182,182.955,BC:949;MBC:479;OC:130;SC:111;BCM:94
2024,183,197601,1640,17932,19571,183,183.92,BC:928;MBC:442;SC:90;OC:88;BCM:82
2024,184,197601,1610,16322,17931,184,184.975,BC:870;MBC:424;OC:112;SC:109;BCM:83
2024,185,197601,1577,14745,16321,185,185.955,BC:882;MBC:416;OC:114;SC:84;BCM:66
2024,186,197601,1566,13179,14744,186,186.99,BC:862;MBC:392;OC:112;SC:103;BCM:85
2024,187,197601,1456,11723,13178,187,187.965,BC:836;MBC:355;OC:103;SC:87;BCM:61
2024,188,197601,1470,10253,11722,188,188.955,BC:842;MBC:368;OC:104;SC:91;BCM:57
2024,189,197601,1439,8814,10252,189,189.995,BC:803;MBC:365;OC:103;SC:85;BCM:73
2024,190,197601,1573,7241,8813,190,190.945,BC:927;MBC:341;OC:129;BCM:89;SC:73
2024,191,197601,1301,5940,7240,191,191.969697,BC:718;MBC:328;OC:124;SC:73;BCM:45
2024,192,197601,1183,4757,5939,192,192.75,BC:667;MBC:300;OC:111;SC:51;BCM:49
2024,193,197601,998,3759,4756,193,193.964646,BC:580;MBC:248;OC:71;SC:47;BCM:45
2024,194,197601,896,2863,3758,194,194.78,BC:510;MBC:217;OC:72;BCM:49;SC:41
2024,195,197601,758,2105,2862,195,195.75,BC:425;MBC:214;SC:44;OC:39;BCM:33
2024,196,197601,628,1477,2104,196,196.75,BC:364;MBC:157;OC:44;BCM:33;SC:28
2024,197,197601,607,870,1476,197,197.75,BC:346;MBC:147;OC:54;SC:33;BCM:27
2024,198,197601,483,387,869,198,198.75,BC:299;MBC:106;OC:35;SC:24;BCM:17
2024,199,197601,321,66,386,199,199.75,BC:183;MBC:97;OC:16;SC:14;BCM:9
2024,200,197601,65,1,65,200,200,BC:40;MBC:17;OC:4;BCM:3;SC:1
2025,77,239299,2,239298,239299,77.500,77.750,MBC:1;SCA:1
2025,78,239299,2,239296,239297,78.000,78.145,BC:1;SCA:1
2025,79,239299,10,239286,239295,79.000,79.500,MBC:3;SC:3;BCM:2;SCA:2
2025,80,239299,154,239132,239285,80.000,80.500,SC:52;BC:43;MBC:39;SCA:9;BCM:7
2025,81,239299,126,239006,239131,81.000,81.500,BC:35;SC:34;MBC:32;SCA:15;BCM:8
2025,82,239299,179,238827,239005,82.000,82.500,BC:50;MBC:49;SC:47;BCM:14;SCA:14
2025,83,239299,207,238620,238826,83.000,83.750,BC:62;SC:62;MBC:60;SCA:16;BCM:5
2025,84,239299,238,238382,238619,84.000,84.500,SC:81;MBC:62;BC:61;SCA:20;BCM:11
2025,85,239299,277,238105,238381,85.000,85.500,MBC:81;SC:74;BC:69;SCA:27;BCM:14
2025,86,239299,335,237770,238104,86.000,86.500,SC:113;BC:92;MBC:81;SCA:20;BCM:12
2025,87,239299,380,237390,237769,87.000,87.500,MBC:118;BC:104;SC:97;SCA:29;BCM:25
2025,88,239299,398,236992,237389,88.000,88.750,MBC:114;BC:111;SC:109;SCA:38;BCM:19
2025,89,239299,436,236556,236991,89.000,89.500,SC:128;BC:126;MBC:114;SCA:29;BCM:23
2025,90,239299,429,236127,236555,90.000,90.500,BC:128;MBC:127;SC:115;SCA:28;BCM:24
2025,91,239299,570,235557,236126,91.000,91.500,BC:178;MBC:161;SC:144;SCA:45;BCM:19
2025,92,239299,568,234989,235556,92.000,92.500,BC:180;MBC:160;SC:146;SCA:33;BCM:20
2025,93,239299,617,234372,234988,93.000,93.500,MBC:191;BC:172;SC:162;SCA:43;BCM:33
2025,94,239299,679,233693,234371,94.000,94.500,BC:206;MBC:196;SC:185;BCM:42;SCA:29
2025,95,239299,738,232955,233692,95.000,95.750,BC:231;MBC:206;SC:198;SCA:46;BCM:35
2025,96,239299,738,232217,232954,96.000,96.750,BC:223;MBC:206;SC:186;SCA:49;BCM:45
2025,97,239299,773,231444,232216,97.000,97.500,BC:227;MBC:222;SC:212;SCA:50;BCM:36
2025,98,239299,850,230594,231443,98.000,98.500,MBC:254;BC:252;SC:238;BCM:40;SCA:36
2025,99,239299,892,229702,230593,99.000,99.500,MBC:269;BC:264;SC:220;SCA:52;BCM:49
2025,100,239299,988,228714,229701,100.000,100.750,BC:323;MBC:296;SC:227;SCA:56;BCM:48
2025,101,239299,1021,227693,228713,101.000,101.732,BC:320;MBC:314;SC:233;SCA:60;BCM:45
2025,102,239299,1165,226528,227692,102.000,102.500,BC:377;SC:310;MBC:309;SCA:67;BCM:61
2025,103,239299,1229,225299,226527,103.000,103.500,BC:385;MBC:373;SC:281;SCA:74;BCM:64
2025,104,239299,1311,223988,225298,104.000,104.750,BC:446;MBC:359;SC:314;BCM:70;SCA:61
2025,105,239299,1469,222519,223987,105.000,105.865,BC:483;MBC:439;SC:352;BCM:68;SCA:63
2025,106,239299,1563,220956,222518,106.000,106.834,BC:539;MBC:450;SC:361;BCM:72;SCA:71
2025,107,239299,1611,219345,220955,107.000,107.500,BC:534;MBC:476;SC:384;BCM:82;SCA:70
2025,108,239299,1681,217664,219344,108.000,108.500,BC:572;MBC:492;SC:369;BCM:93;SCA:75
2025,109,239299,1735,215929,217663,109.000,109.667,BC:596;MBC:511;SC:396;BCM:98;SCA:63
2025,110,239299,1761,214168,215928,110.000,110.500,BC:602;MBC:527;SC:387;BCM:84;SCA:83
2025,111,239299,1793,212375,214167,111.000,111.500,BC:617;MBC:540;SC:381;SCA:97;BCM:78
2025,112,239299,1897,210478,212374,112.000,112.750,BC:646;MBC:594;SC:396;BCM:87;SCA:77
2025,113,239299,1911,208567,210477,113.000,113.500,BC:647;MBC:559;SC:447;BCM:99;OC:73
2025,114,239299,1952,206615,208566,114.000,114.500,BC:670;MBC:568;SC:446;BCM:98;SCA:87
2025,115,239299,2003,204612,206614,115.000,115.500,BC:679;MBC:599;SC:485;BCM:82;SCA:78
2025,116,239299,1988,202624,204611,116.000,116.500,BC:672;MBC:609;SC:429;BCM:97;OC:85
2025,117,239299,1934,200690,202623,117.000,117.500,BC:700;MBC:595;SC:396;BCM:90;SCA:86
2025,118,239299,1988,198702,200689,118.000,118.755,BC:701;MBC:631;SC:410;BCM:85;SCA:76
2025,119,239299,2091,196611,198701,119.000,119.500,BC:765;MBC:655;SC:416;BCM:98;SCA:74
2025,120,239299,2192,194419,196610,120.000,120.622,BC:827;MBC:633;SC:436;BCM:119;SCA:86
2025,121,239299,2255,192164,194418,121.000,121.500,BC:841;MBC:677;SC:471;BCM:99;SCA:82
2025,122,239299,2275,189889,192163,122.000,122.500,BC:856;MBC:719;SC:429;BCM:108;SCA:76
2025,123,239299,2241,187648,189888,123.000,123.500,BC:826;MBC:677;SC:431;BCM:111;SCA:92
2025,124,239299,2334,185314,187647,124.000,124.815,BC:854;MBC:710;SC:453;BCM:142;OC:75
2025,125,239299,2314,183000,185313,125.000,125.500,BC:876;MBC:731;SC:441;BCM:112;SCA:76
2025,126,239299,2366,180634,182999,126.000,126.500,BC:877;MBC:709;SC:468;BCM:147;SCA:81
2025,127,239299,2333,178301,180633,127.000,127.500,BC:820;MBC:769;SC:443;BCM:117;SCA:85
2025,128,239299,2349,175952,178300,128.000,128.973,BC:835;MBC:767;SC:459;BCM:120;SCA:77
2025,129,239299,2455,173497,175951,129.000,129.683,BC:932;MBC:770;SC:468;BCM:115;SCA:85
2025,130,239299,2580,170917,173496,130.000,130.750,BC:1002;MBC:807;SC:470;BCM:131;SCA:79
2025,131,239299,2543,168374,170916,131.000,131.500,BC:977;MBC:798;SC:465;BCM:135;OC:73
2025,132,239299,2621,165753,168373,132.000,132.900,BC:1044;MBC:795;SC:427;BCM:153;OC:96
2025,133,239299,2657,163096,165752,133.000,133.760,BC:1059;MBC:833;SC:462;BCM:134;OC:83
2025,134,239299,2706,160390,163095,134.000,134.750,BC:1114;MBC:816;SC:473;BCM:141;OC:82
2025,135,239299,2658,157732,160389,135.000,135.857,BC:1083;MBC:819;SC:453;BCM:127;OC:84
2025,136,239299,2501,155231,157731,136.000,136.935,BC:990;MBC:784;SC:413;BCM:138;OC:89
2025,137,239299,2676,152555,155230,137.000,137.560,BC:1061;MBC:837;SC:440;BCM:172;SCA:76
2025,138,239299,2636,149919,152554,138.000,138.500,BC:1094;MBC:806;SC:424;BCM:150;OC:80
2025,139,239299,2702,147217,149918,139.000,139.750,BC:1072;MBC:892;SC:423;BCM:149;OC:92
2025,140,239299,2751,144466,147216,140.000,140.990,BC:1166;MBC:833;SC:447;BCM:150;OC:77
2025,141,239299,2679,141787,144465,141.000,141.900,BC:1073;MBC:843;SC:448;BCM:130;OC:110
2025,142,239299,2740,139047,141786,142.000,142.760,BC:1142;MBC:850;SC:430;BCM:145;OC:97
2025,143,239299,2652,136395,139046,143.000,143.759,BC:1084;MBC:848;SC:424;BCM:131;OC:92
2025,144,239299,2834,133561,136394,144.000,144.750,BC:1180;MBC:891;SC:435;BCM:148;OC:111
2025,145,239299,2871,130690,133560,145.000,145.755,BC:1190;MBC:872;SC:465;BCM:164;OC:88
2025,146,239299,2790,127900,130689,146.000,146.575,BC:1188;MBC:860;SC:419;BCM:137;OC:103
2025,147,239299,2697,125203,127899,147.000,147.745,BC:1174;MBC:820;SC:394;BCM:157;OC:78
2025,148,239299,2826,122377,125202,148.000,148.670,BC:1215;MBC:922;SC:365;BCM:157;OC:84
2025,149,239299,2839,119538,122376,149.000,149.925,BC:1251;MBC:889;SC:394;BCM:157;OC:85
2025,150,239299,2759,116779,119537,150.000,150.955,BC:1238;MBC:839;SC:397;BCM:141;OC:85
2025,151,239299,2794,113985,116778,151.000,151.986,BC:1250;MBC:878;SC:340;BCM:168;OC:82
2025,152,239299,2914,111071,113984,152.000,152.900,BC:1258;MBC:935;SC:368;BCM:154;OC:124
2025,153,239299,2797,108274,111070,153.000,153.770,BC:1246;MBC:885;SC:372;BCM:135;OC:93
2025,154,239299,2868,105406,108273,154.000,154.976,BC:1216;MBC:935;SC:395;BCM:173;OC:86
2025,155,239299,2770,102636,105405,155.000,155.855,BC:1242;MBC:843;SC:367;BCM:163;OC:109
2025,156,239299,2831,99805,102635,156.000,156.990,BC:1282;MBC:884;SC:354;BCM:159;OC:88
2025,157,239299,2857,96948,99804,157.000,157.900,BC:1284;MBC:883;SC:382;BCM:152;OC:96
2025,158,239299,2880,94068,96947,158.000,158.855,BC:1278;MBC:917;SC:355;BCM:172;OC:100
2025,159,239299,2914,91154,94067,159.000,159.845,BC:1391;MBC:879;SC:331;BCM:138;OC:112
2025,160,239299,2814,88340,91153,160.000,160.920,BC:1344;MBC:859;SC:321;BCM:158;OC:86
2025,161,239299,2898,85442,88339,161.000,161.890,BC:1307;MBC:897;SC:357;BCM:144;OC:125
2025,162,239299,2804,82638,85441,162.000,162.955,BC:1364;MBC:816;SC:316;BCM:160;OC:89
2025,163,239299,2862,79776,82637,163.000,163.950,BC:1367;MBC:851;SC:340;BCM:143;OC:111
2025,164,239299,2872,76904,79775,164.000,164.890,BC:1397;MBC:878;SC:290;BCM:140;OC:109
2025,165,239299,2819,74085,76903,165.000,165.815,BC:1339;MBC:850;SC:320;BCM:156;OC:112
2025,166,239299,2760,71325,74084,166.000,166.980,BC:1346;MBC:803;SC:310;BCM:145;OC:110
2025,167,239299,2818,68507,71324,167.000,167.977,BC:1317;MBC:867;SC:292;BCM:176;OC:128
2025,168,239299,2742,65765,68506,168.000,168.975,BC:1318;MBC:859;SC:260;BCM:140;OC:124
2025,169,239299,2681,63084,65764,169.000,169.890,BC:1306;MBC:823;SC:259;BCM:159;OC:99
2025,170,239299,2774,60310,63083,170.000,170.900,BC:1400;MBC:782;SC:299;BCM:147;OC:104
2025,171,239299,2755,57555,60309,171.000,171.905,BC:1403;MBC:800;SC:239;BCM:148;OC:125
2025,172,239299,2705,54850,57554,172.000,172.965,BC:1293;MBC:822;SC:293;BCM:136;OC:107
2025,173,239299,2723,52127,54849,173.000,173.945,BC:1365;MBC:826;SC:249;BCM:142;OC:98
2025,174,239299,2661,49466,52126,174.000,174.980,BC:1380;MBC:776;SC:222;BCM:133;OC:111
2025,175,239299,2601,46865,49465,175.000,175.990,BC:1319;MBC:761;SC:239;BCM:132;OC:116
2025,176,239299,2601,44264,46864,176.000,176.900,BC:1354;MBC:741;SC:219;BCM:141;OC:123
2025,177,239299,2580,41684,44263,177.000,177.990,BC:1316;MBC:748;SC:223;BCM:132;OC:124
2025,178,239299,2538,39146,41683,178.000,178.965,BC:1345;MBC:735;SC:218;BCM:129;OC:83
2025,179,239299,2480,36666,39145,179.000,179.980,BC:1288;MBC:716;SC:193;OC:129;BCM:119
2025,180,239299,2478,34188,36665,180.000,180.865,BC:1309;MBC:721;SC:190;OC:116;BCM:115
2025,181,239299,2442,31746,34187,181.000,181.890,BC:1299;MBC:705;SC:181;BCM:125;OC:102
2025,182,239299,2340,29406,31745,182.000,182.955,BC:1223;MBC:662;SC:184;OC:126;BCM:121
2025,183,239299,2397,27009,29405,183.000,183.995,BC:1276;MBC:668;SC:190;BCM:130;OC:104
2025,184,239299,2347,24662,27008,184.000,184.770,BC:1280;MBC:688;SC:144;BCM:113;OC:106
2025,185,239299,2246,22416,24661,185.000,185.910,BC:1197;MBC:620;SC:193;BCM:114;OC:101
2025,186,239299,2173,20243,22415,186.000,186.917,BC:1210;MBC:593;SC:136;BCM:117;OC:107
2025,187,239299,2172,18071,20242,187.000,187.965,BC:1164;MBC:645;SC:146;OC:110;BCM:81
2025,188,239299,2097,15974,18070,188.000,188.955,BC:1137;MBC:580;SC:136;OC:132;BCM:92
2025,189,239299,2015,13959,15973,189.000,189.750,BC:1093;MBC:537;SC:137;OC:118;BCM:109
2025,190,239299,1955,12004,13958,190.000,190.750,BC:1074;MBC:555;SC:127;OC:108;BCM:85
2025,191,239299,1797,10207,12003,191.000,191.945,BC:992;MBC:481;OC:115;BCM:99;SC:93
2025,192,239299,1748,8459,10206,192.000,192.760,BC:988;MBC:489;OC:96;SC:86;BCM:79
2025,193,239299,1616,6843,8458,193.000,193.925,BC:912;MBC:439;OC:96;SC:86;BCM:69
2025,194,239299,1591,5252,6842,194.000,194.810,BC:876;MBC:428;SC:101;OC:98;BCM:81
2025,195,239299,1482,3770,5251,195.000,195.750,BC:773;MBC:429;OC:107;SC:90;BCM:75
2025,196,239299,1258,2512,3769,196.000,196.667,BC:705;MBC:363;OC:73;SC:71;BCM:40
2025,197,239299,1000,1512,2511,197.000,197.667,BC:577;MBC:273;SC:64;OC:44;BCM:35
2025,198,239299,794,718,1511,198.000,198.667,BC:406;MBC:262;BCM:46;OC:40;SC:38
2025,199,239299,576,142,717,199.000,199.667,BC:306;MBC:196;OC:31;SC:22;BCM:21
2025,200,239299,141,1,141,200.000,200.000,BC:73;MBC:54;SC:7;OC:4;BCM:2
